PB01,Lập trình viên,Upload file ZIP/TAR/TAR.GZ của project Java,hệ thống phân tích mà không cần khai báo local path,1,High,"Thành công: nhận file .zip/.tar/.tar.gz ≤100MB, parse .java và mở graph; Thất bại: sai định dạng hoặc >100MB thì báo lỗi rõ ràng, không lưu graph",Done,✅ Backend sync/async + FE AddProjectArchive đã có
PB02,Lập trình viên,Import repository GitHub công khai bằng URL,phân tích nhanh repo mà không cần tải thủ công,2,Medium,"Thành công: dán URL public repo, pre-flight hợp lệ, tải tarball, extract .java qua archive pipeline và analyze async; Thất bại: repo private/quá lớn/URL sai thì từ chối kèm thông báo",Done,"✅ Backend import-github + FE GitHubImportForm/useGitHubImport done; safe error mapping added; T11 integration-style tests cover import-github 202, validation rejection, GitHub failure envelope, async tarball import, and preflight-stop path without real GitHub network; lint/type/unit/build/audit pass; E2E smoke tested (import-github 202 ANALYZING -> ANALYZED 47 files/310 nodes/1220 edges); backend DI bug in `GitHubPreFlightService` resolved"
PB03,Lập trình viên,Phân tích mã nguồn Java bằng JavaParser,trích xuất class/method/field và quan hệ code,1,High,"Thành công: parse 500 file <30s, sinh node Class/Interface/Enum/Method/Field/Route; Thất bại: file lỗi cú pháp bị bỏ qua, ghi cảnh báo, không dừng cả tiến trình",In Progress,
PB04,Lập trình viên,Lưu knowledge graph vào Neo4j,truy vấn và hiển thị quan hệ code bền vững,1,High,"Thành công: node/edge lưu qua Neo4j Java Driver raw, có projectId, Cypher tham số hóa; Thất bại: lỗi kết nối Neo4j được báo và rollback, không lưu nửa vời",In Progress,
PB05,Kiến trúc sư phần mềm,Trực quan hóa knowledge graph bằng Sigma.js,nhìn được kiến trúc tổng thể của dự án,1,High,"Thành công: render node/edge với màu theo loại, layout không chặn UI; Thất bại: graph rỗng thì hiển thị trạng thái empty thay vì màn hình trắng",In Progress,
PB06,Kiến trúc sư phần mềm,"Tìm kiếm, lọc và focus node trên graph",khoanh vùng nhanh phần code cần xem,2,High,"Thành công: search theo tên, lọc theo loại node/edge, click/select node highlight; Thất bại: từ khóa không khớp hiển thị 'không có kết quả', không treo UI",Done,✅ SearchBar + FilterPanel + click/select node highlight done; Focus Mode N-hop removed after UX review; lint/type/unit pass; browser smoke tested backend-offline error state
PB07,Kiến trúc sư phần mềm,Xem chi tiết một node,hiểu kết nối đến/đi của thành phần code,2,Medium,"Thành công: click node mở panel hiển thị thuộc tính + cạnh in/out; Thất bại: node không tồn tại thì panel báo rõ, không lỗi JS",Done,"✅ FE NodeDetailPanel + backend Node Detail API done; supports path/query nodeId, hop whitelist, 50-connection cap, 404/400 handling"
PB08,Lập trình viên,Phân tích phạm vi ảnh hưởng (impact) của node,đánh giá rủi ro trước khi thay đổi code,2,Medium,"Thành công: trả về blast radius theo độ sâu, giới hạn hop; Thất bại: node cô lập trả về tập rỗng kèm thông báo, query luôn có LIMIT",Done,"✅ Backend Impact Analysis API done; bounded dependency traversal, capped samples + true counts, project isolation, 404/400 handling; auth/rate-limit tracked as production risk; FE panel T59 done (ImpactAnalysisPanel + useImpactAnalysis), live UI smoke pending (backend offline)"
PB09,Lập trình viên,Nhận cập nhật graph realtime qua WebSocket,thấy thay đổi code ngay không cần tải lại,2,Medium,"Thành công: file .java thay đổi đẩy update qua /topic/projects/{id}/updates <3s, FE patch graph; Thất bại: mất kết nối WS thì tự thử lại và báo trạng thái",Done,"✅ Realtime hoàn tất cho cả CREATE/MODIFY/DELETE. `FileChangeBroadcaster` chỉ re-parse đúng file thay đổi, tính delta (before/after snapshot) và broadcast `INCREMENTAL` (added/removed) tới `/topic/projects/{id}/updates`; FE consumer (T60) patch graph tại chỗ trên Sigma (addNode/dropNode + refresh, KHÔNG reset camera/zoom/layout). Producer broadcast (T36) + deleteFile incremental (T25) + FileWatcher (T37) + bridge/lifecycle (T38) done. Đã test end-to-end với import local-folder: thêm `C.java` → node `com.demo.C` xuất hiện tại chỗ; xóa file → node biến mất. T70 Spring-context test + Docker-gated STOMP/Testcontainers E2E (local Docker không có nên IT skip sạch)."
PB10,Kiến trúc sư phần mềm,Sinh Use Case và Class Diagram bằng Mermaid,tài liệu hóa kiến trúc tự động,2,Medium,"Thành công: GET /diagrams/usecase và /diagrams/class trả Mermaid hợp lệ render được; Thất bại: project chưa phân tích trả lỗi rõ, không sinh Mermaid rỗng sai cú pháp",Done,"Backend hoàn chỉnh: UseCaseDiagramService (T39) + ClassDiagramService (T40) + DiagramController (T41); FE DiagramPanel (T61) done; T42 tests done. `GET /api/projects/{id}/diagrams/usecase` và `/class?package=...` trả Mermaid hợp lệ qua ApiResponse và render được trong UI với tab Use Case/Class, package filter, loading/error/empty states. Job/listener actors chưa render (parser chưa emit @Scheduled/@KafkaListener/@EventListener)"
PB11,AI coding tool,Goi MCP tools de lay ngu canh du an,tich hop AI vao quy trinh hieu code,2,Medium,"Thanh cong: MCP tools tra JSON dung schema qua streamable HTTP; That bai: projectId sai tra loi chuan MCP, khong treo phien",Done,"MCP surface now has 15 registered tools: architecture, class context, impact, layer pattern, endpoint trace, references, source file/search/method source, method CPG, related tests, test plan, code-change plan, failure explanation, and project conventions. Documented in `MCP_INTEGRATION.md`; project metadata recovers from Neo4j after restart when source root passes the allowed-workspace guard."
PB12,DevOps,Đóng gói và triển khai bằng Docker + CI/CD,chạy hệ thống bằng một lệnh và kiểm thử tự động,3,Medium,"Thành công: docker compose up -d chạy BE/FE/Neo4j, GitHub Actions xanh trên PR; Thất bại: build/test fail thì chặn merge và log rõ nguyên nhân",Done,"Backend CI (T67), frontend CI (T68), Docker run guide (T69), and T71 final verification done; `docker compose config --quiet` passes; live Docker/Testcontainers run skipped locally because Docker Desktop daemon is unavailable"
PB13,Lập trình viên,Theo dõi thay đổi file bằng File Watcher,graph luôn đồng bộ với mã nguồn local,3,Low,"Thành công: create/modify/delete .java kích hoạt phân tích tăng dần, bỏ qua target/.git/node_modules; Thất bại: đường dẫn ngoài root đăng ký bị từ chối",Done,"✅ FileWatcher (WatchService đệ quy, debounce, lọc .java + bỏ qua target/.git/node_modules, từ chối path ngoài root) phát sự kiện cho `FileChangeBroadcaster` xử lý incremental: re-parse đúng file đổi → upsert/prune → broadcast delta. CREATE/MODIFY/DELETE đều kích hoạt cập nhật tăng dần (không phân tích lại toàn bộ). Import local-folder bật watcher tự động; project delete dừng watcher; re-watch khi khởi động (`ProjectRewatchRunner`)."
PB14,Nguoi dung demo,Co tai lieu va ban demo cuoi ky,hieu va trinh dien duoc san pham,3,Low,"Thanh cong: README + tai lieu MCP/trien khai khop code, demo end-to-end chay voi repo Java mau; That bai: thieu buoc nao trong demo phai duoc ghi nhan va sua",Done,"MCP/demo docs updated: `MCP_INTEGRATION.md` documents run setup, endpoint/transport, 15 tools, project recovery after restart, CPG/deep-CPG behavior, limitations, and troubleshooting; `DEMO_SCRIPT.md` documents import/analyze/graph/MCP demo flow and success checklist. Realtime incremental cập nhật (CREATE/MODIFY/DELETE qua import local-folder) đã hoàn tất và demo được."
