PB01,Import Archive,Lập trình viên,Upload archive ZIP/TAR/TAR.GZ project Java,phân tích không cần local path,RB01,1,High,1,Done,Backend sync/async + FE AddProjectArchive đã có
PB01,Import Archive,Lập trình viên,Hệ thống kiểm tra loại và dung lượng archive (≤100MB),tránh file sai định dạng hoặc quá lớn,RB02,1,High,1,Done,ArchiveTypeDetector + size limit config đã có
PB01,Import Archive,Lập trình viên,Giải nén an toàn chống path traversal,bảo mật khi xử lý archive không tin cậy,RB03,1,High,1,Done,ArchiveExtractor safe extraction + tests đã có
PB02,GitHub Import,Lập trình viên,Dán URL public GitHub repo để import,phân tích repo từ xa nhanh chóng,RB04,2,Medium,2,Done,Backend import-github + FE GitHubImportForm/useGitHubImport done; safe error mapping + dependency audit fix; frontend lint/type/unit/build/audit pass; E2E smoke tested (import-github 202 -> ANALYZED); backend DI bug in `GitHubPreFlightService` resolved
PB02,GitHub Import,Lập trình viên,Pre-flight kiểm tra repo (private/size/branch),từ chối sớm repo không hợp lệ,RB05,2,Medium,2,Done,GitHubPreFlightService đã có
PB03,JavaParser Analysis,Lập trình viên,Parse file .java thành Class/Method/Field/Route,có dữ liệu cấu trúc code,RB06,1,High,1,In Progress,Core parser done; visitor test task còn New
PB03,JavaParser Analysis,Lập trình viên,"Sinh structural edges (HAS_METHOD, EXTENDS, IMPLEMENTS...)",hiểu quan hệ cấu trúc giữa các thành phần,RB07,1,High,1,Done,Import/structural edge tasks done
PB03,JavaParser Analysis,Lập trình viên,"Phát hiện Spring annotation (@Service, @RestController...)",nhận diện layer và route,RB08,2,Medium,1,Done,SpringAnnotationVisitor done
PB03,JavaParser Analysis,Lập trình viên,Resolve CALLS edge bằng JavaSymbolSolver,dựng call graph chính xác,RB09,2,Medium,2,Done,JavaSymbolSolver wiring done
PB04,Neo4j Storage,Lập trình viên,Lưu node/edge vào Neo4j qua Java Driver raw,persistence không phụ thuộc OGM,RB10,1,High,1,In Progress,Raw driver persistence + deleteFile incremental done; ArchUnit task remains New
PB04,Neo4j Storage,Lập trình viên,"Áp dụng Cypher schema migration (ràng buộc, index)",đảm bảo toàn vẹn dữ liệu graph,RB11,1,High,1,Done,Neo4jMigrationRunner done
PB04,Neo4j Storage,Lập trình viên,Lấy full graph theo projectId,cung cấp dữ liệu cho UI,RB12,1,High,1,In Progress,Full graph/API path done; REST integration test remains New
PB05,Graph Visualization,Kiến trúc sư phần mềm,Render graph bằng Sigma.js + Graphology,nhìn được kiến trúc dự án,RB13,1,High,1,In Progress,Graph render core done; FE component test task remains New
PB05,Graph Visualization,Kiến trúc sư phần mềm,Tô màu ổn định theo loại node/edge,phân biệt các thành phần code,RB14,2,Medium,1,New,
PB06,Search / Filter / Focus,Kiến trúc sư phần mềm,Tìm kiếm node theo tên,định vị nhanh thành phần cần xem,RB15,1,High,1,Done,✅ SearchBar filters loaded nodes client-side; unit tested
PB06,Search / Filter / Focus,Kiến trúc sư phần mềm,Lọc theo loại node và loại edge kèm số đếm,thu hẹp graph theo nhu cầu,RB16,2,Medium,2,Done,✅ FilterPanel + useFilters + graphFilters done; Sigma re-renders filtered graph
PB06,Search / Filter / Focus,Kiến trúc sư phần mềm,Focus mode N-hop (1/2/3/5/All),tập trung vào vùng liên quan,RB17,2,Medium,2,Done,✅ `FocusDepthControl.vue` + `focusMode.ts`; Sigma reducers dim outside nodes/hide outside edges; security DoS cap reviewed
PB07,Node Detail,Kiến trúc sư phần mềm,Xem panel chi tiết node với cạnh in/out,hiểu sâu một thành phần code,RB18,2,Medium,2,Done,✅ Frontend panel + backend Node Detail API done; `/graph/neighbors/{nodeId}` and query-param endpoint support slash-containing IDs
PB08,Impact Analysis,Lập trình viên,Xem blast radius của một node,đánh giá ảnh hưởng trước khi sửa code,RB19,2,Medium,2,Done,✅ Backend API/repository done; frontend panel T59 done (`ImpactAnalysisPanel.vue` + `useImpactAnalysis.ts`)
PB09,Realtime Update,Lập trình viên,Nhận cập nhật graph realtime qua WebSocket/STOMP,thấy thay đổi tức thì,RB20,2,Medium,2,In Progress,"Status topic đã có; FE graph patch consumer (T60) done; backend graph update broadcast producer (T36) done; deleteFile incremental (T25) done; FileWatcher (T37) done; **realtime bridge + lifecycle (T38) wired** — DELETE auto-prunes graph then broadcasts FULL_UPDATE, watcher started after import/analyze + stopped on project delete; CREATE/MODIFY emit events but incremental re-parse blocked on Sprint 2 (parseFileWithCache); full STOMP+Neo4j <3s E2E (T70) still pending"
PB09,Realtime Update,Lập trình viên,File Watcher phát hiện thay đổi .java và cập nhật tăng dần,graph đồng bộ với mã nguồn,RB21,3,Low,2,New,
PB10,Mermaid Diagram,Kiến trúc sư phần mềm,Sinh Use Case Diagram (Mermaid),xem luồng nghiệp vụ từ controller/job,RB22,2,Medium,2,Done,"Service (T39) + endpoint (T41) done: `GET /api/projects/{id}/diagrams/usecase` trả `flowchart LR` từ Route/HANDLES_ROUTE qua ApiResponse; actor ""HTTP Client""; escape/sanitize, deterministic; 404 nếu project không tồn tại, 409 nếu chưa phân tích. FE DiagramPanel (T61) done: tab Use Case render Mermaid + friendly loading/error/empty states. T42 tests done: service/controller Mermaid syntax + error envelopes pass. Job/listener actors chưa hỗ trợ (parser chưa emit @Scheduled/@KafkaListener/@EventListener)"
PB10,Mermaid Diagram,Kiến trúc sư phần mềm,Sinh Class Diagram (Mermaid) lọc theo package,xem quan hệ class/interface,RB23,2,Medium,2,Done,"Service (T40) + endpoint (T41) done: `GET /api/projects/{id}/diagrams/class?package=...` trả `classDiagram` qua ApiResponse; visibility markers, stereotypes, generics strip, package filter (gồm sub-package), cap 50 class, deterministic; 404 nếu project không tồn tại, 409 nếu chưa phân tích. FE DiagramPanel (T61) done: tab Class render Mermaid + truyền package filter lên endpoint. T42 tests done: service/controller Mermaid syntax, package filter/blank filter, 404/409 envelopes pass"
PB11,MCP Tools,AI coding tool,Gọi get_project_architecture,lấy ngữ cảnh kiến trúc tổng thể,RB24,2,Medium,2,Done,"T43 done: `get_project_architecture` registered via Spring AI ToolCallbackProvider; returns stable architecture JSON with projectId, summary counts, layers, detected patterns, naming conventions, warnings; uses `GraphService.getFullGraph` abstraction; tests cover graph layers, empty graph warning, blank projectId, project not found, deterministic ordering, no path leakage. T46 layer_pattern for same RB remains pending separately"
PB11,MCP Tools,AI coding tool,Gọi get_class_context,lấy ngữ cảnh chi tiết một class,RB25,2,Medium,2,Done,"T44 done: `get_class_context` registered via Spring AI ToolCallbackProvider; returns projectId/query, classInfo, methods, fields, incomingRelations, outgoingRelations, warnings; lookup by fullName/simple name/nodeId; bounded output + graph-size guard; invalid input rejects clearly; no absolute path leakage."
PB11,MCP Tools,AI coding tool,Gọi get_impact_analysis,lấy phân tích ảnh hưởng cho AI,RB26,2,Medium,2,Done,"T45 done: `get_impact_analysis` registered via Spring AI ToolCallbackProvider; wraps existing `GraphService.getImpactAnalysis`; returns projectId/nodeQuery/depth, summary, directImpact, transitiveImpact, riskLevel, notes, warnings; depth whitelist 1/2/3/5; bounded output; missing target/backend failure safe warnings; no absolute path leakage. T46 layer_pattern remains pending."
PB12,Docker & CI/CD,DevOps,Chạy docker compose up cho BE/FE/Neo4j,triển khai toàn hệ thống bằng một lệnh,RB27,2,Medium,2,In Progress,Dockerfiles/compose done; env profile/run guide tasks remain New
PB12,Docker & CI/CD,DevOps,Cấu hình GitHub Actions CI cho backend và frontend,kiểm thử tự động trên mỗi PR,RB28,2,Medium,2,New,
PB11,MCP Tools,AI coding tool,Implement MCP tool get_project_architecture,lấy overview layers/patterns,RB29,2,Medium,3,New,
PB11,MCP Tools,AI coding tool,Implement MCP tool get_class_context,lấy neighbors/methods/fields của class,RB30,2,Medium,3,New,
PB11,MCP Tools,AI coding tool,Implement MCP tool get_layer_pattern,lấy ví dụ code theo layer,RB31,2,Medium,3,New,
PB03,Parser Robustness,Lập trình viên,Handle lambda expressions và method references,parse code hiện đại không crash,RB32,2,Medium,3,New,
PB03,Performance,Lập trình viên,Implement content-hash caching cho unchanged files,tăng tốc re-analysis,RB33,2,Medium,3,New,
PB05,UI Polish,Kiến trúc sư phần mềm,"Add graph stats, empty state, loading progress",UX tốt hơn cho người dùng,RB34,2,Medium,3,New,
PB03,Technical Debt,Lập trình viên,Refactor duplicate code và add Package/File nodes,"giảm nợ kỹ thuật, tăng độ chính xác",RB35,2,Medium,3,New,
PB14,Testing,Tester,Boost test coverage to 70% và enable disabled tests,chất lượng code cao hơn,RB36,2,Medium,3,New,
PB12,Production Deployment,DevOps,Production Docker Compose + nginx + domain + SSL,deploy lên VPS với HTTPS,RB37,3,Medium,4,New,
PB12,CI/CD Completion,DevOps,Complete GitHub Actions + auto-deploy workflow,CI/CD đầy đủ cho production,RB38,3,Medium,4,New,
PB14,Demo Preparation,Người dùng demo,Sample project + demo script + video + slides,trình diễn sản phẩm chuyên nghiệp,RB39,3,Low,4,New,
PB14,Documentation,Người dùng demo,Complete README + MCP guide + architecture + user guide,tài liệu đầy đủ cho stakeholders,RB40,3,Low,4,New,
PB14,Final Polish,Tester,Bug fixes + integration testing + performance tuning,sản phẩm hoàn chỉnh và ổn định,RB41,3,Low,4,New,
